{
  "active_path_endpoint_to_goal_distance_avg": 0.420888167191617,
  "active_path_endpoint_to_goal_distance_max": 5.0,
  "coverage_gain_per_meter": 0.0014596259678805183,
  "coverage_proxy_gain": 0.04837284641437195,
  "main_route_issue": "UAV_IDLE_DUE_TO_NO_PATH",
  "near_high_gain_candidate_ignored_count": 0,
  "nearest_frontier_ignored_count": 4,
  "odom_total_distance": 33.14057674968115,
  "path_length_regret_avg": 2.6688439674569713,
  "path_length_regret_max": 10.841272891958297,
  "route_revisit_ratio": 0.8695652173913043,
  "route_tortuosity": 4.585606949619388,
  "selected_goal_unique_count": 21
}