{
  "active_path_endpoint_to_goal_distance_avg": 0.2514647964215105,
  "active_path_endpoint_to_goal_distance_max": 17.54458605952275,
  "coverage_gain_per_meter": 0.0015628723295361842,
  "coverage_proxy_gain": 0.10491827418642322,
  "main_route_issue": "PATH_COST_UNDERWEIGHTED",
  "near_high_gain_candidate_ignored_count": 0,
  "nearest_frontier_ignored_count": 7,
  "odom_total_distance": 67.13169860621946,
  "path_length_regret_avg": 1.7435592920212972,
  "path_length_regret_max": 13.401764770616861,
  "route_revisit_ratio": 0.891640866873065,
  "route_tortuosity": 6.760289541159452,
  "selected_goal_unique_count": 18
}