{
  "active_path_endpoint_to_goal_distance_avg": 0.29701837091593164,
  "active_path_endpoint_to_goal_distance_max": 7.163274390947201,
  "coverage_gain_per_meter": 0.0021421963274349067,
  "coverage_proxy_gain": 0.15903401560889413,
  "main_route_issue": "PATH_COST_UNDERWEIGHTED",
  "near_high_gain_candidate_ignored_count": 0,
  "nearest_frontier_ignored_count": 4,
  "odom_total_distance": 74.23876774138787,
  "path_length_regret_avg": -0.024262699831228432,
  "path_length_regret_max": 14.88362721314616,
  "route_revisit_ratio": 0.8770949720670391,
  "route_tortuosity": 3.770145537369512,
  "selected_goal_unique_count": 31
}