{
  "active_path_endpoint_to_goal_distance_avg": 0.14458642482959477,
  "active_path_endpoint_to_goal_distance_max": 7.905694150420948,
  "coverage_gain_per_meter": 0.002421590508710653,
  "coverage_proxy_gain": 0.16470328375791488,
  "main_route_issue": "TRAVEL_TRAJ_MISSING_AFTER_GOAL",
  "near_high_gain_candidate_ignored_count": 0,
  "nearest_frontier_ignored_count": 6,
  "odom_total_distance": 68.01450664985022,
  "path_length_regret_avg": 1.2357435889919888,
  "path_length_regret_max": 14.947515828242906,
  "route_revisit_ratio": 0.875,
  "route_tortuosity": 3.8074107256276273,
  "selected_goal_unique_count": 26
}