{
  "active_path_endpoint_to_goal_distance_avg": 0.10778229035037926,
  "active_path_endpoint_to_goal_distance_max": 5.5901699437494745,
  "coverage_gain_per_meter": 0.002402834774075819,
  "coverage_proxy_gain": 0.16860550728905904,
  "main_route_issue": "TRAVEL_TRAJ_MISSING_AFTER_GOAL",
  "near_high_gain_candidate_ignored_count": 0,
  "nearest_frontier_ignored_count": 2,
  "odom_total_distance": 70.16941368925721,
  "path_length_regret_avg": -0.838739573843837,
  "path_length_regret_max": 12.625099437203264,
  "route_revisit_ratio": 0.8705882352941177,
  "route_tortuosity": 5.404433266147319,
  "selected_goal_unique_count": 20
}