{
  "active_path_endpoint_to_goal_distance_avg": 0.1376063773315371,
  "active_path_endpoint_to_goal_distance_max": 9.962429422585638,
  "coverage_gain_per_meter": 0.0014666443082684997,
  "coverage_proxy_gain": 0.08658518627595346,
  "main_route_issue": "TRAVEL_TRAJ_MISSING_AFTER_GOAL",
  "near_high_gain_candidate_ignored_count": 0,
  "nearest_frontier_ignored_count": 1,
  "odom_total_distance": 59.03625424911289,
  "path_length_regret_avg": 1.7864743023215846,
  "path_length_regret_max": 11.999378898618428,
  "route_revisit_ratio": 0.8842105263157894,
  "route_tortuosity": 3.102374812549027,
  "selected_goal_unique_count": 24
}